BD Fashion Specialist,DV2872,273
BD Lifestyle Generalist,EJ9384,4696
BD Lifestyle Generalist,EJ9383,2862
BD Lifestyle Generalist,DV2872,739
BD Sport Generalist,D95961,12468
BD Sport Generalist,DV2872,355
BD Sport Generalist,EJ9383,355
BD Sport Generalist,DT5177,226
BD Sport Multi-Specialist,D95961,2023
BD Sport Specialist,D95961,444
BD Sports Directional,DV2872,8550
BD Sports Directional,EJ9383,4829
BD Sports Directional,D95961,924
BD Sports Directional,DX9055,132
BD Sports Directional,EJ9384,29
CD Sport Generalist,D95961,7640
CD Sport Generalist,DX9055,2281
CD Sport Generalist,DT5177,411
CD Sport Generalist,EJ9384,180
CD Sport Multi-Specialist,D95961,3250
Franchise & WHS mono-brand,DV2872,26653
Franchise & WHS mono-brand,EJ9384,13016
Franchise & WHS mono-brand,EJ9383,8127
Franchise & WHS mono-brand,D95961,7688
Franchise & WHS mono-brand,DX9055,2977
Franchise & WHS mono-brand,DT5177,79
Others,D95961,9137
Others,DV2872,3591
Others,EJ9384,2865
Others,EJ9383,1158
