BD Sport Generalist,CF3795,4698
BD Sport Generalist,CD3069,4546
BD Sport Generalist,CD9762,1863
BD Sport Generalist,CE0748,930
BD Sport Generalist,CD3112,873
BD Sport Generalist,CD3111,299
BD Sport Generalist,CE0753,152
BD Sport Generalist,CE3984,140
BD Sport Multi-Specialist,CF3795,925
BD Sport Multi-Specialist,CD3069,320
BD Sport Multi-Specialist,CD9762,150
BD Sport Multi-Specialist,CE3984,125
BD Sports Directional,CF3795,11321
BD Sports Directional,CD3069,9007
BD Sports Directional,CD3111,4719
BD Sports Directional,CE0748,4675
BD Sports Directional,CD3112,1082
BD Sports Directional,CE0753,774
BD Sports Directional,CD9762,762
BD Sports Directional,CE3984,625
CD Sport Multi-Specialist,CD9762,1082
CD Sports Directional,CD3112,371
Franchise & WHS mono-brand,CE0748,15103
Franchise & WHS mono-brand,CD3112,13791
Franchise & WHS mono-brand,CE0753,7122
Franchise & WHS mono-brand,CE3984,6148
Franchise & WHS mono-brand,CD3111,5401
Franchise & WHS mono-brand,CD9762,5244
Franchise & WHS mono-brand,CF3795,784
Franchise & WHS mono-brand,CF6555,392
Others,CE0748,4699
Others,CD3112,2901
Others,CD9762,1858
Others,CE3984,975
Others,CD3111,627
Others,CF3795,609
Others,CE0753,394
Own Retail,CE3984,12252
Own Retail,CD3112,10596
Own Retail,CD9762,9133
Own Retail,CE0748,2606
Own Retail,CE0753,1946
Own Retail,CF3795,1323
Own Retail,CD3111,119
eCom,CE3984,265
eCom,CF3795,116
